Actual,Predicted
0.0356289657352586,0.034360025
0.0023826457684153,0.0026581115
0.0306199598083068,0.0167559
-0.021961988425382,-0.027373606
-0.0390315834482729,-0.01828169
0.0079298248708103,0.014806677
-0.0217193245163757,-0.027266478
0.0414378427926324,0.04259959
0.0610096646562165,0.048992477
-0.0243329509091091,-0.013891237
0.0595856779684121,0.0530661
0.0340193220170122,0.019105224
0.0078013277198509,0.0032180184
0.0436436899678687,0.020285971
0.0633979935639031,0.057056718
0.0413288550555629,0.03503642
0.0282483062640587,0.015368669
0.0566160740824596,0.045348004
0.0215122862694746,0.019181846
-0.0664009151136104,-0.031960886
0.0425909385222557,0.035909295
0.0523794446957486,0.044429675
-0.0040266412449708,-0.0035802107
-0.0395794322301023,-0.014802948
0.0164871129184178,0.009195492
0.0645055858579543,0.03803043
-0.0028260164418415,-0.0024256625
-0.0118152215299748,-0.011032237
-0.0333500397295545,-0.021793015
-0.0370666297956657,-0.02369627
0.0574723688967852,0.052037235
-0.0503246789385423,-0.058968544
-0.0435200162328853,-0.02298639
0.0456937865938857,0.03339214
0.0660436877487474,0.06746123
0.0078821027166161,0.016777888
-0.0103667840256604,-0.015521663
-0.0567583954412215,-0.051332507
0.0835686813954738,0.08873507
0.0722467508066172,0.075891495
0.0162306439669113,0.018280676
0.0213854244017263,0.013241379
0.0327500551322398,0.042985354
-0.0037607980521293,0.00043091844
0.0013082215087594,0.0008649771
-0.0270085576062858,-0.015341154
-0.0316796612394551,-0.023539547
0.0399012195436307,0.029592792
0.0162002487493474,0.015637537
-0.0316072746212143,-0.01533887
0.068179380634241,0.045434806
-0.0436614771969729,-0.049654067
-0.0247152970661961,-0.052556496
0.0268149869692585,0.023727566
0.0050478950324226,0.012238868
0.0179264519225245,0.012189409
0.0703980616151602,0.07164032
-0.0384582386855944,-0.04053926
-0.0090089792042864,-0.00267584
0.0474142628930577,0.046076264
0.0608086810183933,0.04905068
-0.0180708445436762,-0.012284472
0.0122448378856315,0.0072342195
0.0310265038384077,0.02989164
0.0206917872601203,0.022675838
0.0369133750979973,0.022869898
-0.0220375898841898,-0.004409337
0.0067217406793866,0.009760861
0.063439919434093,0.04889314
0.0382272278530566,0.024641974
0.05776046206322,0.039723366
0.0209944157401488,0.00062286993
-0.0350508740739471,-0.01664686
-0.042291532122017,-0.0664799
-0.009583505873923,0.0054175267
0.0361434147835708,0.025296852
0.0289850869910305,0.022751791
0.07754726970604,0.07874266
0.0161361229263962,0.015962591
0.0241149516434247,0.029588452
0.0740920028904072,0.06999764
0.0453850378746498,0.038180206
0.0220887034329032,0.020327376
-0.0065998050233204,1.9086943e-05
-0.0487645698716768,-0.036567707
-0.0079410651215133,-0.014015017
-0.0314721939779307,-0.014267829
-0.0272914637535201,-0.034725208
0.0171375829096197,0.0052443733
0.0547685403103303,0.048009075
-0.0367072027817631,-0.02584985
0.0146893999439179,0.006989715
0.0615830802209855,0.05335104
0.06167013289303,0.056648433
0.0590488143349516,0.05423734
-0.0305329775621069,-0.013347578
-0.0361944575617412,-0.025089117
0.0369144253245512,0.02696033
-0.0207650671555688,-0.06484305
0.0294914097140502,0.030331854
0.0431451007802811,0.035550304
0.0911701040673462,0.09481939
0.0338531441593947,0.028764538
0.0090008657693683,0.0031063273
-0.003166224402826,0.0030845478
-0.0168460153940841,-0.011712466
0.0517286052618749,0.052949715
0.0476333026652899,0.03496503
0.0358047264518998,0.019809714
-0.0039423835266393,-0.0019472458
0.0122425317439302,0.006986383
0.0309881204245946,0.01652617
0.0910493603250809,0.092712015
-0.0246066321258407,-0.018030759
-0.0358082031473273,-0.0289812
-0.0277570052201131,-0.030850457
-0.0429788293420462,-0.04092983
-0.0428494862706303,-0.0413997
-0.0117467188783008,-0.006568608
0.0268920245638875,0.02822771
-0.0348029766535547,-0.012862514
0.0034536810771376,0.0028133048
0.0105356460689775,0.003759121
0.0297254686351585,0.01713155
-0.0329143993731092,-0.0202141
0.0197629914080802,0.011731031
-0.0180829394454255,-0.03090756
0.0536329375814822,0.044639908
0.0329617373717953,0.03355037
0.0484140712267553,0.041794494
0.0479201488734515,0.041804366
-0.0015261090699745,-0.0056184786
0.0094424999288325,0.010065887
2.5742734641431e-07,-0.008033486
-0.0102644847198144,-0.004743073
-0.032778309914305,-0.041368123
-0.0056840621411393,-0.0020555367
0.0111329445667489,0.0045569297
0.0862074611696188,0.08903958
-0.0288467595214158,-0.011832601
0.0017466725788194,0.0036922921
0.0275262243205427,0.02525793
-0.0070567274759233,-7.8572004e-05
0.0761082548827678,0.078253016
0.0890303729045238,0.060870018
0.0252672096048333,0.016797565
0.0260129162523114,0.022976149
-0.0380522190319151,-0.03221446
0.015906221923637,0.014405556
0.0274967245927804,0.026585631
0.0514014692942645,0.037963636
0.0376330346396941,0.020685572
0.0580014103775248,0.031431332
0.009202449023218,0.0017102325
-0.002292393351216,0.0040071337
0.0362614130287282,0.03305625
0.0386301594934858,0.030903095
-0.0229132907351178,-0.011878632
0.0443957733452736,0.046534523
0.0693980916975744,0.05595801
-0.0332449176389809,-0.038590495
0.0201371658424457,0.010169468
0.0545905980164999,0.04539221
0.0495980142937438,0.04183998
0.0874464899372126,0.07466846
-0.0451637101273005,-0.029532265
0.0389967190076972,0.03591368
0.042376978884762,0.031491905
-0.0414084155280722,-0.031661544
0.0713260817837875,0.066477746
0.0110895329420719,0.0038035414
-0.001708201536682,-0.023720516
0.0258459728316662,0.021584215
0.0831452345037861,0.072245166
-0.0264766688327737,-0.03650916
0.0456372601814321,0.028914915
-0.0124413986727682,-0.008018287
-0.0278886845379556,-0.0021090643
-0.0189997586890795,-0.007408479
0.0307847090487998,0.026609343
0.0165727006972466,0.013509675
0.0510237055894756,0.039874118
0.039877915523236,0.032511204
0.046701466995854,0.042413466
0.0306884128978865,0.012014187
0.044449675011106,0.03865313
-0.0322021198535887,-0.026671315
0.0039805946901803,0.0045376723
0.0456540200066357,0.03188907
0.0299553851619164,0.024989039
0.0769685529268603,0.0800541
-0.0454558402764886,-0.036444113
-0.0380945401373841,-0.046087272
-0.0110547896110014,-0.031635713
0.0067046978901661,0.0036394729
-0.0127704964355591,-0.019898962
-0.0332548532362939,-0.030866904
-0.0196644072738803,-0.02450092
0.0765014619596755,0.045039725
0.0495999043816886,0.044263646
-0.0478240258197721,-0.02834525
0.0285187129138311,0.024045002
0.0176544775395207,0.00052905345
0.0173359739187502,0.009653971
0.0643933053098722,0.056176655
0.0760736994503043,0.049691822
-0.0287859932157689,-0.034038875
0.0033575542117055,-0.00044288885
0.0140187644584643,0.018950302
0.0267099746800083,0.009637745
-0.0324221385321221,-0.029641917
0.0729614409306662,0.07903308
-0.0411728002993923,-0.022746658
0.0123577922778879,0.010052024
-0.04862098892129,-0.027681641
-0.0071731944046734,-4.5531633e-05
-0.0006533768165451,-0.0019442932
-0.0109270217246054,-0.009305393
0.0611034344934445,0.06200927
-0.0070585095640819,0.009316494
0.0116439270595448,0.0056616003
0.0582698933451659,0.05372948
-0.0125857634972897,-0.006458345
0.0022074625928068,0.009812389
0.0947217906467639,0.0807671
-8.85530977548152e-05,0.002366115
0.026496290579386,0.018801285
0.0698097570549155,0.052478354
0.0600251292687037,0.048324402
0.0506009145782766,0.044541683
0.0388765806578631,0.033221282
-0.0132429009830866,0.0074710166
-0.0086856261279355,-0.03306693
-0.0309221073874624,-0.021052191
0.0093151052248922,0.008466302
-0.0297292039621932,-0.02421365
0.0555607994776951,0.05896583
0.0114630760915289,0.0075082392
0.0542059502127987,0.044884034
0.0457771094663786,0.05201392
0.0001386395272049,-0.0019509805
0.0319276317520458,0.02642986
0.0400340600427072,0.040482398
0.0180113842158997,0.01341218
-0.0431240631795558,-0.026665557
-0.060451689709738,-0.05847683
0.0366363920165717,0.031035347
0.004163125259324,0.002029143
0.0559521050463631,0.050316483
0.0124873418765946,0.0025333685
-0.001619644954969,-0.014355689
0.0681265857035239,0.054582443
0.0499743764877755,0.04289992
0.0860154428081427,0.060506474
-0.0279203496875412,-0.01525301
0.0508544208425491,0.051337834
0.0213125396567362,0.01600029
0.049218876777786,0.05047416
0.0301871666627274,0.015814833
0.0019073968159516,0.0049738563
-0.0182338367566346,-0.00480356
-0.0476417504137365,-0.05190601
0.0488799610591926,0.045575194
-0.0093648986896249,-0.026558138
0.0497840705395108,0.04098586
0.0285139289474241,0.023503514
0.0003858864264452,0.0016897962
-0.018424661716632,-0.011285911
0.0860412443433885,0.08217019
0.0010236794215722,0.0022027947
0.0389730333289562,0.037704468
-0.0289203770160723,-0.018705225
-0.0224320339840649,-0.016257647
0.0455175326643108,0.039743282
0.0348830029390756,0.028019458
0.0593698390491813,0.055350825
-0.0320520460908881,-0.04572351
0.0634296013827861,0.046595775
0.0221354735814721,0.028199906
0.0837856097238176,0.08590014
0.0904176548190168,0.076848425
-0.0067033803435513,-0.008280666
0.044368060940854,0.045077696
0.0619236892051557,0.06118935
-0.0248884737414265,-0.019317707
-0.0036495231783546,0.0056876247
0.0159949945620116,0.01570118
0.0186454965306648,0.0045646713
0.0852163337882249,0.073633246
0.00641119167213,0.018156448
-0.0279703585198559,-0.04295203
-0.0164608016476347,-0.013726659
-0.0186693186996593,-0.01824385
0.0029495222974248,0.017963285
-0.035442768408829,-0.025892684
0.028862083366835,0.027719716
-0.0047743151918129,0.006665653
0.0402077475244336,0.031258855
-0.0494340388650462,-0.036036033
0.0230359978603926,0.016409967
-0.0457192447374349,-0.02557685
0.0622684716822673,0.05280741
0.027134428634817,0.02000501
-0.0127970055551527,-0.024044696
0.0187204084950892,0.013243658
0.0259264628904906,0.012787258
-0.0061779508566557,0.0008634469
0.0511161394134209,0.049162984
0.0391064256405438,0.03614017
-0.0262990166105077,-0.02756622
0.0531139750149404,0.04402655
0.0172073707609211,0.0161547
-0.016578555186659,-0.021187969
0.0994107632196425,0.091009535
0.0064027704071041,0.0057314443
0.0335869123704399,0.02909697
0.0219743621150217,0.013998412
0.0695135213165864,0.06804387
0.033187834059573,0.033455536
-0.0208904837343669,0.007983907
0.0463789585768207,0.03937806
0.0167333354369419,0.015709057
0.0934347057307112,0.088583045
0.0308679863837238,0.029839728
0.0359370963528392,0.03407453
-0.0100679357684231,-0.003694458
0.0730643824497379,0.07343104
0.0010357044432237,0.00030539904
0.0773802581124529,0.058610648
0.0516249507481124,0.051269155
-0.0186557518315215,-0.009957603
0.0168841396328381,0.010581362
0.0735709974132014,0.07247848
-0.0443440603294347,-0.022359297
-0.0317919891160533,-0.02467919
-0.0200191038769698,-0.0140453195
0.0254196087783902,0.020294948
0.0377170259812927,0.034579813
2.49373310694044e-05,0.0015417096
0.043220733209117,0.048098482
0.0613470105230915,0.050144617
0.060083962428253,0.05894249
-0.0099885431614614,-0.026009118
-0.0257806049495814,-0.0077933683
0.0271716223646656,0.032233074
0.0118375960934348,0.005137987
0.0190417605140343,0.012689543
0.0300049994511187,0.02398409
-0.0114673842296989,-0.0148103265
-0.0236926309839083,-0.015649756
0.0227570574405304,0.019502161
0.053988489160119,0.045189787
0.0037878055445268,-0.004924313
-0.0435837297503715,-0.04157955
0.0435291261207909,0.012116499
0.0322259401926329,0.028785994
-0.0253347109540286,-0.027011342
0.0519634062569101,0.039653182
-0.0348947384460643,-0.035097618
-0.0124282416845099,0.012938053
-0.0300889286868925,-0.017043067
-0.0486053707017632,-0.04808721
0.0589633936248068,0.05257239
0.0154866908745029,0.0105760805
0.0413559270350942,0.027525201
0.0472143557645672,0.039365884
0.0412625449332039,0.030844292
0.0317227027874157,0.018636119
-0.0474426374848355,-0.040260218
0.0463785379827991,0.030335322
0.0029665464464081,0.0026196872
0.0455690998852984,0.04122678
-0.0128934352189752,-0.019689765
-0.0477802074797394,-0.071760885
0.0465134692670962,0.04093124
0.0353238631907856,0.029369524
-0.0482954667440698,-0.0754828
-0.0435585478726468,-0.049640317
0.0502462606575891,0.039196648
0.0465374900506448,0.037142657
-0.0644903593388771,-0.044046924
-0.0286196499255386,-0.018349295
0.0569989907940236,0.054845653
0.0995061945450986,0.086148195
-0.0160698326019202,-0.011964213
0.0692195586959356,0.06360959
-0.022716987729128,-0.03789466
-0.0133001238125528,-0.017698275
0.0037789396193386,0.0060122134
0.0391897347299681,0.024970904
0.001131604076046,-0.0053113336
0.059035203854418,0.055132046
0.0639344799077727,0.06341339
0.0913479064392133,0.07122099
-0.0062713771218247,-0.005818534
0.041187584862127,0.027246166
0.0710473009906682,0.06269535
0.0065020492133773,0.006630465
0.0201747476817158,0.0063532093
0.0148804322017331,0.011164919
0.0781187497412958,0.068581134
-0.0749232772855294,-0.03965843
0.0609598602680876,0.048450537
0.06178769740569,0.06325449
0.0171716683756463,0.015863968
0.0455639214165622,0.027175734
0.0510462894162733,0.040345874
0.0134724130458655,0.006067016
0.0368353736017065,0.029877994
0.0081896978863506,0.012167346
0.0219040383181862,0.009499667
-0.0371101896300373,-0.053461116
-0.0168305844844773,-0.0098736305
-0.0348650658785119,-0.05117094
-0.0189489878798378,-0.010060107
-0.0421519730950952,-0.020403726
-0.0108327606103617,-0.004522343
-0.0345464764984958,-0.027831355
-0.0577411566685705,-0.05656785
-0.0525163987531328,-0.041750137
0.0355882344195707,0.03755893
-0.0451121464709335,-0.031889286
0.0061572525925801,0.0066479314
0.0338804883306319,0.026419556
-0.0360447818627787,-0.02494102
0.0541732365193061,0.05441535
-0.022702574528667,-0.03064601
-0.0079630985500825,-0.0078951875
0.0266263812800338,0.020333383
-0.0212242555860599,-0.0073121125
-0.0279173396804754,-0.013527181
-0.0215743800680604,-0.04291161
-0.05328809943722,-0.021888038
-0.0414754349381474,-0.04416814
0.0709387288201397,0.07031099
-0.0192095236030045,-0.017449554
0.0663806458870015,0.04429137
0.032380779205951,0.025273684
0.0592497381437737,0.020755349
0.0363881942621678,0.029992133
-0.0151033845578116,-0.0020223262
0.0549379089197369,0.02965816
0.0161897698576098,0.015327332
-0.0431768006262547,-0.026314003
0.0673741674480942,0.05174233
0.0247682823834083,0.015056661
-0.0187523974173745,-0.0320193
0.0281054032194553,0.027093478
0.0351593228195699,0.026788441
-0.0545076046655952,-0.030632028
-0.0395941942226921,-0.047947567
0.0673911081787061,0.046231672
0.0138932329060872,0.02223235
-0.0019871217412163,-0.011706119
-0.0084326683010654,-0.013839268
0.0251059802782912,0.029296143
0.0479370969178504,0.036738012
0.071702176498902,0.06586153
-0.0028843433647545,0.0011960609
0.028232259145282,0.011999775
0.0123371259070583,0.005541924
0.031108057533497,0.021617493
-0.0419632201954758,-0.019887215
0.039098452573197,0.035017874
0.0661928842669068,0.05440425
-0.0331747567586652,-0.023141425
-0.0108800597201031,-0.01932678
0.0259504297873241,0.015852192
-0.0276807426261877,-0.05048767
-0.0388828088858491,-0.06412418
-0.0261423433555278,-0.035778195
0.0514292696036725,0.03411938
0.0584232861948186,0.047241043
0.0273140335664316,0.018299492
0.0328255796478532,0.037666567
0.0437306042094339,0.034386694
-0.0086509121432038,-0.006794393
-0.0487540557496967,-0.06501199
0.0191418945672309,0.014261091
0.0001877875150849,0.0034592925
0.0025878247353264,0.0106193675
0.028870543444887,0.029631102
0.0304519745255969,0.032937974
-0.0399453045793236,-0.03560991
0.0233103039515458,0.022109732
0.0195472364960324,0.0184786
-0.0221629173094797,-0.013028838
0.05259406581598,0.04588022
0.0127853563040716,0.008498334
0.0046427614772823,0.0030129866
0.0268285768466134,0.023865325
0.0335143850026579,0.028571613
-0.0171128321624699,-0.018810088
0.0639729936381965,0.059686176
-0.0025306632506205,-0.011565195
0.0549258178446213,0.0437608
0.0025381263916193,0.004396154
0.0530152022573216,0.043222018
0.0257687193716209,0.01656243
0.0090437189985974,0.013441321
0.05819713058763,0.050905544
0.0365331308736774,0.016155835
0.0235848848974083,0.01864192
0.0974132037287049,0.07961377
0.0389906586776873,0.035519227
0.0353474367822621,0.028796015
-0.0347147340420792,-0.04052053
0.0243131547172132,0.033307686
-0.0469438594421973,-0.040008232
-0.0253735614541218,-0.026704548
0.0500700918732279,0.034272317
0.0493885086197477,0.047220685
0.0049302124103609,0.004409036
0.0587286866941235,0.052498076
0.0166468030046712,0.011604514
0.0105414526929961,0.009989775
0.0016264260573937,0.0063551646
0.006034457019399,-0.011673452
-0.0227000001599356,-0.018704789
-0.0297475851252803,-0.028128877
0.058619963811676,0.05559147
0.0126739665537611,0.0071222396
0.0471921325156913,0.047160022
0.0034739731018825,0.0023879737
0.0590606795927439,0.051163882
0.0401136711120992,0.035353582
0.0012010289720483,0.0050761285
0.0106956121216617,0.007827739
0.0105222018407569,0.009389517
-0.0146079791790421,0.0005915921
0.0336476328346797,0.031169027
-0.0331060650683049,-0.019843435
-0.0237579900339733,-0.024651041
-0.0243545981938181,-0.01738209
-0.0474427672601946,-0.04141272
-0.0150962257540205,-0.010213312
-0.0046142724137042,-0.0011671133
-0.0002777779743699,0.0060364124
0.0874075810162403,0.08804302
-0.0306614590911395,-0.018038422
-0.0290510786131954,-0.027530065
0.102194686895183,0.10525772
0.0183822434117164,0.012574519
0.0541895031121165,0.054122735
0.008350776541568,0.0071336986
0.0361826297948849,0.030947799
0.0288665460275551,0.018936587
0.0455796537233391,0.036483187
0.006475714602171,0.004653467
0.0359295843613059,0.023963733
0.0399339477447049,0.038692143
0.0728316957749033,0.06407099
0.0307030894686663,0.017911792
-0.0274280447971763,-0.027656365
-0.0161903935651227,-0.017311517
0.0045148155951723,0.0073710964
-0.0235101360320283,-0.03953246
0.0045389639707718,0.0052560708
0.0121896048465799,0.017231125
0.0314121172734137,0.022064371
0.0149729004503733,0.01165556
0.000236612678458,0.003215383
0.0609345933444689,0.05058068
0.0351684667119121,0.025229933
0.0188788587311549,0.014658035
-0.0374584659413548,-0.047537137
0.0200211993049537,-0.0040661707
-0.0117053437921996,-0.014877784
-0.051019911942531,-0.021748992
-0.0233872413246797,-0.028037678
0.0505590243914685,0.04879921
0.0216561026161047,0.005659328
0.000603878156169,0.002961074
0.0933279696065476,0.07031
-0.005146635229113,-0.005666628
0.0129626864888872,0.006119813
0.0450260594736448,0.036955968
-0.0313678301968181,-0.03429845
0.0268768500439799,-0.0018434775
0.0057815327735502,-0.015155771
0.0468684062125752,0.037052777
0.0926574162329771,0.060700398
0.0988392089771726,0.0797453
0.0502585086609885,0.042350207
0.0318433811506863,0.029954627
-0.0087116413528281,0.0023451177
0.0492786873667962,0.045177124
0.0644470707452368,0.051752057
0.0511381273617089,0.030897586
-0.0497679554098385,-0.035936117
-0.0397320789126236,-0.019647755
0.0527736434890696,0.03606203
-0.0485265218717272,-0.022866374
0.0513611897348896,0.048208598
0.0796319696964894,0.06500463
-0.0363190199101155,-0.03128786
0.0698647972466918,0.065918036
0.0553474891727752,0.06869685
0.0667133142469077,0.055487137
0.059988567164385,0.04237782
-0.0272161642768188,-0.031586945
0.0354848375931838,0.028740691
-0.0025866809380454,-0.005369531
0.0449578027265556,0.036528956
-0.0361674406523354,-0.028391676
6.68738664075071e-05,0.010610843
0.035643949485296,0.034910433
0.0435381782498098,0.032146525
0.0693597922718661,0.0545668
0.0117970105810788,0.0050851055
-0.02272667279614,-0.030592697
-0.00613006242083,-0.004948989
-0.0240213954704807,-0.013654797
0.050355787591136,0.040141873
-0.0410799778378763,-0.10363835
-0.0453443569898651,-0.048578326
0.0680080078549556,0.04690761
0.0246187628012144,0.0155167105
0.0358890394032479,0.029100474
0.083412528178073,0.06468516
0.0456712852686178,0.03528189
0.0346714932809722,0.043349795
0.0600472878977393,0.046074122
0.0421003669069687,0.03504571
0.0518948617587195,0.047855016
0.0352018359959639,0.028396038
0.0319756226658017,0.032549277
-0.0283106668415816,-0.039840814
0.0557010217404078,0.052344155
-0.0028251319701882,-0.0063085747
0.0088586153692626,-0.0009211525
0.0272987056777884,0.02235347
0.0575840370181,0.04787916
-0.0067576868763493,0.0054627066
0.0222075357355762,0.012706827
0.0231907435561583,0.019069316
0.0822502568029313,0.07676387
0.0668473807596942,0.057926446
-0.051212681432661,-0.032098103
-0.0162852825759994,-0.005313425
0.0240773196787892,0.0073836152
-0.0159579263833439,-0.015854323
0.0594724276754606,0.047966365
-0.0006905399920282,-0.00838848
0.0387478143317794,0.032873422
0.0015283736220516,0.0036936922
0.0525017623476715,0.04889168
0.008597125725102,0.0013063012
0.0684797590207493,0.059269346
0.0178633746177785,0.026174253
0.052122710195738,0.048832785
0.0271365164095819,0.009709771
0.0242173395741066,0.01899149
0.0270298391758378,0.023424353
0.063241083297102,0.04752851
0.0426495613742064,0.03345057
0.0183960083992765,0.012737329
-0.0427915626587912,-0.03983847
-0.0111219328582444,-0.0012420635
0.0465937829211001,0.05336538
-0.0307102277580139,-0.009299352
-0.0397026543490627,-0.03859798
-0.0175281529374536,-0.0469216
0.0127526240083571,0.025803827
-0.005121025045298,-0.008685776
-0.0034276702394975,0.0021466715
0.054216259899504,0.045980386
0.0607337209153706,0.05129161
0.0265277456313252,0.03398885
0.0634940648144275,0.05690894
0.0327521438051174,0.02641755
0.0909209126649727,0.085798725
0.0360224180726709,0.025265513
0.0251352990920285,0.01568953
0.0343035659773088,0.026773762
-0.0083619821382543,0.0018040717
0.0050008790686946,0.00726726
0.0514485227821475,0.01621457
0.0578111549502474,0.046802267
0.063236923092479,0.05806124
-0.0400401415595822,-0.04782291
-0.0386765836142913,-0.027465016
-0.0421635235957862,-0.05087987
-0.0214186584121447,-0.029325658
0.0098605684135227,0.0053247246
0.0020604849940864,-0.0009581826
0.0097826906196107,-0.0044822013
-0.0102834184944758,-0.02529675
-0.0003010120373381,-0.0067657335
-0.0189688127001837,-0.0048669204
-0.0087743147775305,-0.0071439296
0.0454484448452519,0.039617103
0.0857704038000381,0.08511353
0.0774756819423624,0.07509707
0.0042109743490522,0.006454433
-0.0179167376598248,-0.009571756
0.0606516934924923,0.052486744
-0.0122585036922004,-0.0024900544
0.0918713226387385,0.08159513
0.010401524111643,0.011957321
0.0165721020983931,0.014325942
0.0679843037115992,0.05526098
0.0688618439098172,0.059273995
0.0619978665682819,0.056705028
-0.0100582102839196,-0.022471335
0.0189371090503089,0.018517297
0.0016714612582772,-0.005754012
0.0484248850220655,0.042176537
0.0076097782692772,0.016890692
0.0044560231183217,0.003851634
0.0252098987769443,0.018478623
-0.0224698650357846,-0.045570076
-0.0399043271745393,-0.045998145
0.0220062433915864,0.01451684
-0.0067287930554447,-0.008528894
0.0036124721891716,0.0037181692
0.0108057201142154,0.0022838826
-0.0428838518314542,-0.021480083
0.0803861584745566,0.073439315
0.0279441183458683,0.027878547
-0.0172818718164036,-0.028862135
0.0106985749042056,-3.7081685e-05
-0.023975171929563,-0.018400874
-0.0346062993994093,-0.04403348
0.0748813817595038,0.079888396
0.0434033375197032,0.03936959
0.0686328040998378,0.047205135
-0.0460878736491797,-0.061478823
0.0159725512152957,0.011784541
-0.0174257459803454,-0.003357446
0.0050944461572101,0.0019146465
-0.0390690130588629,-0.017923081
-0.0450904875848162,-0.04949981
0.0140142462452238,0.01571485
0.0742324791850798,0.06498634
-0.0385930586435985,-0.031857423
0.0511441975515887,0.046736404
0.0125582134450289,0.015960777
0.0809718901640092,0.07735177
0.0453164245928039,0.038865607
-0.0285269647505898,-0.028914405
0.0628503172070174,0.06699615
0.074753573664854,0.0590462
0.0683133401284866,0.06732435
-0.0373213950952801,-0.022263417
0.0483973291603598,0.04452083
0.066091881317175,0.061343737
0.0190055908023008,0.01489571
-0.0072787855955611,-0.0056898864
-0.0211909239787996,-0.009776811
0.0170609696182274,0.00910439
0.061455031351678,0.061746866
0.0325524379495901,0.032272916
0.0557251127814958,0.056941546
0.0067185193960399,0.002628415
-0.0032135765849711,0.0052666347
-0.0392637884150639,-0.05877974
0.0721418322730845,0.06178844
-0.0103074486297298,-0.0077251513
0.047330326356841,0.02903565
0.0439178546565325,0.039292336
0.0524124783864813,0.047557812
-0.0120252385053048,-0.0022546232
-0.0116340836377198,0.016180215
-0.0442044388802816,-0.07824766
-0.0374987873783042,-0.019170828
0.0433887562491553,0.036786478
0.0473385461230383,0.045682546
-0.0165840902895493,-0.009542587
-0.0377018045064213,-0.053199276
0.0206679655743639,0.017441915
0.0274483539905175,0.015644055
0.0421078216182009,0.03831648
-0.0256689508701785,-0.014491489
-0.0421668454752233,-0.034821298
0.0096046790856638,0.00065207924
-0.0033441069217178,0.014074257
0.0570379013051606,0.054344293
0.0617579983082434,0.05378943
0.0641244807108554,0.06464426
0.0440963626474679,0.039639976
0.0173454698943609,0.014229615
0.0007961946114656,-0.0024217747
0.0670111606484273,0.05940536
0.0719373720244443,0.067828126
-0.0201347450741532,-0.054720175
0.0283050564241305,0.034037225
-0.0362020281175177,-0.027617222
0.0937510285244222,0.09292781
0.0316764151079446,0.026155256
0.0965604479346212,0.08975793
0.0680301772833005,0.059037022
0.0626316246152271,0.05497666
0.0571621679978219,0.057847228
0.0110432724721715,0.007871598
0.0023738584351254,0.003442132
0.0066473094337309,-0.0010426594
0.0491084889884383,0.042741727
-0.008625695776484,-0.009158258
0.0534610470292057,0.043856326
-0.0084549870748404,-0.01640851
-0.0158586970437741,-0.01121864
-0.040112305456555,-0.02025275
0.0108978123753782,0.00039014788
-0.0032212307547863,0.005304084
0.0719947524323838,0.06625418
0.0836764660612054,0.057893574
-0.0263016979831277,-0.053723965
-0.0172670377433809,-0.01435136
-0.0230131339403443,-0.014908229
0.0158292532753101,0.013817483
0.0453381950719192,0.026187696
-0.0260057532559766,-0.015589166
0.0189038642049323,0.006324629
0.0018576460729403,-0.0050948653
-0.0417111902364249,-0.017681733
0.0410617818800264,0.03016145
0.0585473734958828,0.0503202
0.0011071385322769,-0.00045713646
0.0593406809782032,0.051442657
0.0418354563962256,0.036244188
-0.0216906748937173,-0.01707672
0.0087320362778904,0.0073717255
0.0702724136527052,0.068070985
-0.0042288747711495,0.0009457758
0.0214886063564981,0.021507185
0.0504870547688378,0.04837081
-0.0280482457567191,-0.03276507
0.0814892265801047,0.08232237
0.0502117748918983,0.033978432
0.0165283768623383,0.022811411
-0.0230228220500403,-0.013643423
-0.0115235374026694,-0.0022030962
-0.0382915060138163,-0.047941517
0.0297035678212032,0.021935405
0.0112438631668018,0.010760545
0.076917913030781,0.07349891
-0.0146842573432762,-0.020064324
-0.027150513268902,-0.023015695
0.0018896916203715,-0.0015494409
0.0466557150675439,0.037158675
0.0518527637789497,0.045947842
0.0760356878387372,0.07507515
0.059040180526737,0.06421735
0.0734592574610855,0.07252944
0.0448583050430307,0.041920796
0.0151487497710466,0.0022873057
-0.0506672024230388,-0.05562451
0.0385524923926637,0.03540512
0.0202658877174538,0.018418096
0.0734435968404944,0.043008678
0.0481553532949151,0.033667468
0.0482201881030822,0.03671029
0.0544339770432839,0.03993802
0.0753963784835739,0.06247252
0.0707899655075575,0.051104635
0.0691774848188696,0.06471367
0.0346522024622188,0.019897353
0.0209762157505551,0.015824342
-0.050930008930693,-0.06495379
-0.0107990675766978,-0.010733457
0.031521256149297,0.020729654
0.0645723525353938,0.067305006
0.0903063214612834,0.07827756
0.0034223152458714,0.024615915
-0.0012026318392009,-0.0011469831
0.0270066301720999,0.013628739
-0.0211200666685706,-0.067324385
0.0455568230569887,0.046382196
0.0658477139701458,0.064024076
-0.0147787581351662,-0.012879136
-0.054231386582264,-0.08263621
-0.0308335367297081,-0.029959217
0.016050496398599,0.010257323
-0.0271250798348751,-0.02805548
-0.0117556581237595,-0.0054554585
0.0186714317567314,0.019305268
0.0170733561671868,0.010100583
-0.0206427661850909,-0.040641446
-0.0363306017943571,-0.0156146865
-0.004268843414784,0.0022305588
0.0051803507389449,0.0008073803
0.0441269061485688,0.038119316
0.0343233193408308,0.027871553
-0.0436693313801457,-0.053428777
0.0645438479370574,0.057822824
0.045928740429115,0.041304044
0.0130816457729758,0.009619893
-0.0403549781566725,0.0014435066
0.0528592308949886,0.05117467
0.0514880274215867,0.04825609
0.0456033416679971,0.036441702
0.0051253861186487,0.007145158
-0.0133709461923197,-0.0021713988
0.0093625968306493,0.00092876825
0.0814895827676219,0.07216521
0.0134805069296828,0.010411015
-0.0078810637968787,-0.015498648
0.0337726838134113,0.035558194
-0.0106084289291683,-0.00525661
0.0294728147753627,0.03308791
0.0384336462564365,0.03616533
-0.0188099067708789,-0.0388929
0.0335745009290902,0.029852252
0.0157445762567832,0.016384453
0.0736797642969147,0.066858135
-0.0256749597320363,-0.023909945
-0.0151836064220874,-0.007292889
0.0509634031147148,0.0512933
0.0278830779062112,0.022554796
0.0175337231669326,0.012117479
-0.0321176693064057,-0.044001948
0.0450876656580031,0.042409122
0.0273646752159994,0.015322163
0.003213436525754,0.006053715
-0.017969063936154,-0.013582794
0.0227578768080887,0.015727216
0.0280406210191274,0.021180272
-0.0236246261559647,-0.029097617
-0.0170502473322752,-0.017403424
0.0516249278400716,0.06002543
0.0320194944140468,0.014585776
0.0370356680728438,0.028093586
-0.0256388225831578,-0.05756778
0.0001144255449765,0.0014891
0.0578623485731479,0.053675152
0.0565498867634085,0.049213964
0.0538607476365259,0.05280692
0.0314029093331224,0.028082706
0.0512810104505988,0.048385575
0.0139832141449842,0.014483674
-0.0393049957577736,-0.039030205
0.0058986383272358,0.014633699
0.018840382661588,0.00870735
0.0141413078499917,0.012779721
-0.0048417828734489,-0.0031394532
-0.0384955987165199,-0.020142414
0.0640975737044061,0.055404507
-0.0336072090961767,-0.025477441
-0.0307070396518191,-0.01842733
0.0166512245047015,0.013400369
0.021115086980572,0.014735427
-0.0327538749845743,-0.035497606
-0.0019131931801094,-0.008163455
0.024040713736774,0.015247797
0.092494846620554,0.09712087
-0.024014178671762,-0.020000605
0.0113937554651834,0.002862225
-0.0119911420459782,-0.029436136
-0.007808098854851,-0.016824475
-0.0261922421808011,-0.0140868835
0.016301713728503,0.0053243674
0.0152418800788421,0.011790039
0.019544624480937,0.004960028
-0.0209512046188866,-0.015521816
-0.0436841684094371,-0.024648122
-0.0218330379225164,-0.023394408
0.0432720709867108,0.03877074
-0.0140272288245139,-0.009561067
-0.0410296987573195,-0.0253647
0.0440754056321323,0.040019527
-0.0103809067653977,-0.005316757
-0.0291869163760352,-0.020481069
0.0093872974065042,0.01266192
0.0343175861549897,0.025635881
-0.0356007814163903,-0.012147261
0.0561252890179663,0.04399751
0.0369311589086402,0.027513549
0.0083950477984732,-0.011551034
-0.0125672876182203,-0.006133988
-0.0427950427845893,-0.054231133
0.0244151519076849,0.017144552
-0.0171070454952398,-0.008561775
-0.0101735815728329,-0.021718478
0.0734986741923247,0.07492385
0.0474636357828038,0.034174286
0.029720398776307,0.016180476
-0.0114666559582332,-0.03659754
0.0291216757470155,0.031967662
-0.0399703977401552,-0.02451783
0.102374509671081,0.095389746
0.001663492700997,0.0061789
-0.0126606126310873,-0.00559331
0.0012268822092814,0.005210302
0.0331255452496969,0.030011334
0.0636750982597405,0.056630038
0.0215133147259899,0.025041314
-0.0252483811840953,-0.014892491
0.060483012760531,0.039210975
-0.0379340725753939,-0.012480142
0.0086339363260743,0.008858378
-0.0330122201767218,-0.029487578
-0.0166771305850601,-0.009714896
-0.0203091655659214,-0.027207278
0.0398379061967858,0.03778404
0.0180542342245683,0.022540662
-0.0163672937548197,-0.0119567495
-0.0038318876702324,-0.011242744
-0.0064016151598485,-0.0015919344
0.0592731130655898,0.048038952
0.0466828694351068,0.047694754
-0.0269480830195619,-0.034187496
0.0821161082249509,0.06256746
0.0041583686516008,0.0060482235
-0.0279490795598577,-0.019210232
0.0450331209760112,0.041346073
-0.0265399471329564,-0.04433467
0.0094739797464793,-0.007585968
0.0411104725166526,0.029560624
-0.0259961421808694,-0.01821217
0.0052484837122276,0.0006147147
0.0128768107650216,0.014653943
0.0366900327467685,0.032990873
0.0016958941580621,0.0058175926
0.0663181654532423,0.059105843
-0.0320224922266209,-0.021699589
0.0403354984959856,0.036980934
0.0823966542643468,0.07520539
-0.0214557128162041,-0.025539283
-0.0214021653057204,-0.005266828
0.0481974307708203,0.017426625
-0.0470995003656779,-0.063367635
0.0230509047832719,0.009636589
0.0685331424283209,0.06056303
-0.0207720159018275,-0.050123632
0.0052343199439893,0.0050862674
-0.0143938154339212,-0.019351559
0.0621477136703261,0.05522899
-0.0261367056687998,-0.019115174
0.0593099868585326,0.04968476
-0.0146556271907337,-0.006820604
0.0188679470734557,-0.004010988
0.0383291421710342,0.029930156
-0.0060258032882706,0.003283368
0.0298996893930954,0.014499033
0.0342710951105679,0.0031867858
-0.0035783903501372,0.014270046
0.0486303793365123,0.047206268
0.0473166587760038,0.04066645
-0.0424440433601268,-0.035079613
0.0480844572779343,0.029028714
-0.0226118108688486,-0.032774717
-0.0090541223059233,-0.037256487
0.0378378560663407,0.039339397
0.0717095257017124,0.054813262
0.0289758093983089,0.017977487
0.0642993526761106,0.054983314
-0.0141305352690872,-0.0050395806
-0.0174370289478278,-0.012465797
0.027577384890854,0.025847545
-0.0041540870038551,0.00084904634
-0.0251354267514024,-0.032523315
-0.0059859988246834,-0.0061379494
-0.0066385804902987,-0.0024955517
0.0241161655768993,0.029002486
0.0182384222116252,0.014888127
-0.0032133355384451,0.0006117167
0.0379924887014201,0.023082875
-0.0064928212705895,-0.007204921
0.0625114287777934,0.05437519
0.0443903072573129,0.039032023
-0.0165562762897654,-0.01762892
0.0218650753580785,0.018283023
0.0249081695012733,0.03294126
0.0547465821039832,0.06012173
0.0928697914931033,0.05540299
0.0315948808040611,0.027363196
0.0201478508622716,0.010101926
0.0343423763202956,0.027028384
-0.0095501169174349,-0.019135384
-0.0284114612679547,-0.027749898
0.0654692929187631,0.06003231
0.0029674460351248,-0.008960555
0.0621372426553752,0.06347102
0.0341092559793,0.02739694
-0.0200850573678023,-0.013206412
-0.0117079532474783,-0.0078478595
0.0109876177299163,0.0033798085
0.0234901313947651,0.020230342
-0.0523814558581779,-0.019665526
0.0417497392477991,0.035750147
-0.0033739552950762,-0.0005917689
-0.0240615072960775,-0.010930554
-0.0403343847063886,-0.031410273
-0.0513155577283149,-0.06728423
0.0168552132885149,0.008571601
-0.0367501834030448,-0.050589353
-0.0072968021576589,-0.0048063938
0.0312720461766607,0.026522497
0.0490563430568493,0.043475654
0.0428659678753375,0.03224187
0.0525408424433396,0.03759298
0.0169433119480553,0.012314911
0.0647811234574341,0.05916576
-0.0178371967490144,-0.052283645
0.0671813006096697,0.05381984
-0.0358648147129587,-0.019779762
0.0129518901240964,-0.0068517234
0.08122083454897,0.084479764
-0.0345913290925745,-0.021645222
0.047967972041657,0.036020827
0.0253185026055685,0.0231371
0.0182814225985574,0.024086667
-0.0141145846096316,-0.010537311
0.0458868827706368,0.03818975
-0.0202041323432782,-0.011604867
0.0629408188635441,0.0556249
-0.0310294301434295,-0.015446895
-0.020970224118909,-0.025159024
0.0106643816779561,0.010512731
0.050592382712333,0.046781536
-0.0306061427237048,-0.038690258
0.0545758687086466,0.046868134
0.0365836080980233,0.026526986
0.053287503675341,0.041660406
0.0324005644643762,0.026441261
0.0722118724627615,0.07406799
0.0075892552628488,0.010202582
0.0422712673976548,0.04619027
-0.0468882031940826,-0.05158052
-0.0507781287587393,-0.040600393
-0.021507921690396,-0.008130754
-7.15509746800399e-05,-0.0056493483
-0.0177502483616233,-0.007825332
0.0305740238010753,0.0309259
-0.0076837290642698,-0.0055546816
0.0731171200968199,0.068048574
0.0558763020199277,0.042296004
-0.0104048689314999,-0.018946113
-0.0221998086136929,-0.020409461
0.0102684115277586,0.0015874958
0.0547275953445011,0.044835556
0.0193603210763282,0.018702697
-0.0281229927759382,-0.0689441
-0.0078138578478692,0.001055013
0.0100591990633601,0.020187542
0.0702671225826325,0.057435114
-0.0380394465751866,-0.016860688
0.0086127435287837,0.0063471054
-0.0327957637244721,-0.013114221
-0.0389296712701542,-0.030649075
0.0297786533663535,0.017561212
-0.0064212088212682,-0.0013208106
0.0536520381821267,0.05046133
0.0320426587681765,0.02537963
0.0401992887693784,0.0361146
0.0254492743770106,0.018942673
0.0123335205792637,0.008668891
0.0457584850328282,0.019097459
0.0080809085936155,0.017943414
-0.0116041831395383,-0.015557718
0.0738200761291394,0.06767964
0.0772386647587696,0.08624058
0.0250507997061402,0.023055004
0.0027549026104423,0.004129825
-0.0414444257745176,-0.033626527
-0.0391902621745151,-0.040314477
-0.0308435296900865,-0.022447407
0.0097309644397144,0.008257445
0.0196932458066021,0.020583777
0.0446428528394682,0.043756537
0.0212929198758924,0.024149258
0.0298746665499587,0.0062367744
-0.0219647126754936,-0.034787834
0.0579388720545935,0.04269548
0.0291937801596707,0.025421273
0.0648964504480729,0.05995034
-0.0143039770600744,-0.020820234
0.0240011912687016,0.025349865
-0.0386691441979954,-0.007163346
0.0178697113935948,0.0084473165
0.0519722371675707,0.0421132
-0.0219113889703515,-0.03906165
-0.0250752965880874,-0.008128748
-0.0198894718802113,-0.00831047
-0.0098725780338336,-0.0048938575
0.0246103792795089,0.014503532
0.0325769503199833,0.025521573
-0.0226333425712143,-0.014489977
0.0577828064194884,0.06080198
0.0571284148235092,0.028363304
-0.0256676676809452,-0.014804251
-0.0257703074648552,-0.013357185
0.0571690262469726,0.046412654
0.0294115846979492,0.015994962
0.0277298410036265,0.024261901
0.0527814508232104,0.046271436
-0.0183737623834486,-0.015504089
-0.0424319336157902,-0.019798504
0.0789092702406499,0.0707692
-0.009483871877926,-0.020551784
-0.0110945098680936,-0.00036595523
-0.0079381726646486,-0.005134451
-0.0202309487576651,-0.007263895
-0.0087552393527381,0.00026644202
0.0032786416882712,-0.0039434396
-0.0276399169331657,-0.011988815
-0.015577536320852,-0.006933922
-0.0187155769203622,-0.011408495
0.0600809452276107,0.051094025
0.0392688365066241,0.026207395
0.0730945517564685,0.068426825
0.0114317623137991,0.002925897
0.0284856543613016,0.027924519
-0.0086542709519414,-0.0021538134
0.0219614625473949,0.01962259
0.0226812920037995,0.014363074
-0.0079520297970401,-0.001107006
-0.0471469420877874,-0.039113835
-0.0033171248787441,0.0016829048
-0.0144265029604071,-0.015986908
0.0689296867236764,0.06535379
0.0477070867987781,0.039195333
-0.0492227135380498,-0.03787565
0.0479600939807215,0.040135086
-0.0388981847958323,-0.02311553
-0.0119078554472099,-0.008349008
0.0595461001317968,0.042200305
0.0341961912748888,0.017044185
-0.0027022632786784,-0.014576635
0.0207627352557139,0.013904464
-0.027709017710419,-0.03196482
0.0082745624755553,0.0067986646
0.0392089078788618,0.03797278
-0.0384550778588252,-0.020040095
0.051572825620477,0.04166359
-0.0182568887771445,-0.0129918475
-0.0198489668188585,-0.025001518
0.059691593577152,0.057247195
0.0062057490496621,0.0016906803
0.0386381696851701,0.03263052
0.0446426701257892,0.034130238
0.030604137319426,0.031442963
0.0023472097583006,-0.0038383165
0.0313899042229766,0.014335576
-0.0014998943905696,0.008771906
0.0303888507777574,0.021594211
-0.0344298702766637,-0.041729372
0.0059336613190388,0.0072904164
0.0387243381263882,0.028853288
0.0225046403145821,0.02321608
0.0119851437382497,0.012443009
-0.0417891130487811,-0.057329144
-0.0272740906534944,-0.020439742
-0.0017523077444605,-0.004567415
0.0145650267599683,-0.0005232909
0.0492702558965497,0.04517133
-0.0097838450116629,-0.0076187137
-0.0102722078524312,-0.041423824
0.0368577310687714,0.02921501
0.0251115391409759,0.01669798
0.0688340256007975,0.056096498
0.0015700843444432,0.0005809206
0.0315132996439292,0.023474362
0.0820610405640036,0.08261717
0.061881962597461,0.040505737
0.065434370489905,0.0632944
0.004679009468307,-0.00029811196
0.0475304469476493,0.04120856
0.0287658963772018,0.023990449
-0.0312441692309735,-0.048681293
0.0356671058344366,0.028153218
0.031442388135643,0.025187677
-0.0283313392991772,-0.011272105
0.0207036731660095,0.011952181
-0.0531736247354789,-0.023043482
-0.0280330983871582,-0.033638515
0.0530630644738775,0.04576455
0.0496432533898349,0.027938666
0.0313437920188793,0.017293602
-0.0523835584836393,-0.035835017
0.0631594441589952,0.06367844
0.0225763097546995,0.012996234
0.0582342357927199,0.02223695
0.0333337112563992,0.028362375
0.0604956789774019,0.0465321
-0.0424399857259179,-0.06907071
-0.0356851322474327,-0.034958538
0.0726262711782441,0.06850417
-0.0152017792539617,-0.0067623276
0.0606249564036244,0.05295349
-0.0100338952635392,-0.0002507503
0.0296539643698475,0.027248094
0.0097184207662839,0.013578861
0.0231455532820179,0.0033153202
0.0497314199039273,0.028374901
-0.0219561232022263,-0.025087666
-0.0114814406225731,-0.009821719
0.0147857583513866,0.015543958
0.0262866724307393,0.022563092
0.0458230590144793,0.04061916
-0.0312083635206024,-0.04438917
-0.0497397651631341,-0.014758351
-0.0151409270112197,-0.033148725
-0.0144625436853737,-0.023626154
0.0503307053745755,0.04266989
0.0002025566120756,-0.008472158
-0.0264549585840657,-0.02200665
0.0644142833896993,0.05964068
0.0270941428724187,0.029841904
0.0413677495469962,0.039530076
0.0243146241028068,0.018548468
0.0708033783132504,0.05848863
0.0246877364252257,0.01786957
-0.0336157500173648,-0.042038206
0.0107612604723722,-0.0025140042
-0.005376095112599,0.0073363557
0.0411515533183713,0.031879686
-0.0284300251768689,-0.054867163
0.0378696319186496,0.03178403
0.01684028118672,0.014004827
0.0643584647831802,0.06640997
0.0564328419531305,0.042229787
0.0619222183122428,0.066204876
0.0187663632724146,0.01963863
0.0187340474154195,0.020857666
0.0630014212214251,0.059674967
-0.0120316547774573,-0.013335195
0.0701974582007304,0.06428848
0.0423743870188657,0.03184925
0.017341159293852,0.0142582
0.0449569047785421,0.03826255
-0.04192472653781,-0.030865159
0.0386466662430069,0.039982848
-0.0011442098405051,-0.0071141194
0.0487706231238286,0.045997478
0.0018687781906185,0.0007262982
-0.0098997002561329,-0.022286307
-0.0097202423902965,-0.0063275434
0.02674086513974,0.025686888
0.081911114035634,0.0715417
0.068840253279975,0.06559997
-0.0422696380162024,-0.05705256
0.0397060376977127,0.044477902
0.0112302661206648,0.009965383
0.0487396130631708,0.041383423
0.0493593940708588,0.03970224
0.0071516091025035,0.0032052216
0.0670271988336946,0.058829814
0.0297427540018248,0.023932755
-0.0276238325312329,-0.012825966
0.0125165519914427,0.013444688
-0.0430999907068026,-0.04469579
0.045480013336258,0.03218862
0.0524681245802645,0.051034905
0.0523198008308665,0.044449873
0.0732149701692725,0.07016005
0.0517558224766078,0.04270516
0.053831163021352,0.046436027
0.075012146865237,0.07481504
-0.0311847521709742,-0.036262926
0.0859889134252576,0.091919184
-0.0252280650298154,-0.022958511
0.020753783061403,-0.00084754557
0.0577937423793297,0.043424025
-0.0492432409042955,-0.028557086
-0.0416000572704178,-0.033744503
0.0360029885845297,0.031498525
0.0254330825581041,0.021654671
-0.0336180534090522,-0.042690538
0.0535820302983228,0.06129509
-0.0006701242024626,-0.0034535974
0.0701286443147825,0.06332206
-0.0245208958411161,-0.009861644
0.0597466041924489,0.028704975
-0.0025222335425479,0.0020249775
-0.0153857655477445,0.010510878
-0.005123306117237,0.0054746303
0.0604300629988747,0.0536432
0.0046403235379612,0.0073028337
0.0374865922577238,0.023959948
-0.0507524563005007,-0.03318519
0.0253254575825571,0.020587675
0.0160737064332934,0.015945759
-0.0378098561860047,-0.054059163
-0.0027262004396267,0.008264921
0.0320167049698883,0.027014295
0.0713811465608894,0.06178903
0.0419582839507503,0.036766984
-0.0372868756230526,-0.040107246
-0.0083685007086006,-0.008753024
-0.0129516525525495,0.0054520066
0.0014473079395484,0.0057372814
0.055463943622417,0.05272155
-0.0192436433910307,-0.040936384
0.0339422935665706,0.018693369
0.0365957003142203,0.02719592
0.0064084208026471,0.00627368
-0.0162635911564067,-0.007941058
-0.0087890599371385,-0.0072111776
0.0299068942853365,0.025752809
-0.0507168145728326,-0.035298172
0.0281879258592935,0.022927433
0.0593378188657803,0.05065685
0.0570845391641861,0.04240816
-0.0414569478428813,-0.020685056
0.0385786912020569,0.038623128
-0.0387310042791499,-0.031074196
0.0694829655068388,0.061870277
-0.0365214245430681,-0.014390526
0.0077889025236055,0.008782243
-0.0339681357113926,-0.017932942
-0.0187417121899547,-0.014820408
-0.0403319014844009,-0.037013978
-0.0382779317657152,-0.047472235
0.0102583280893131,0.014439651
0.0270800970831613,0.020727579
-0.0176971087578725,-0.011316123
-0.0587733667912949,-0.03725043
0.0375640229014313,0.032343894
0.037400684979694,0.032457646
0.0155567433582874,0.0039096503
0.0387626803428717,0.034319457
0.0213071176228593,0.0022127011
0.0306171699298987,0.023785938
-0.0235299491255786,-0.01910402
0.0699979085365716,0.060102645
0.0418121944400905,0.037530143
0.0314649408041062,0.028798372
0.0003745793862798,0.0060772626
-0.0324367192749948,-0.026941696
0.0359168234870391,0.028077798
-0.0239449684691892,-0.025650406
0.0481706324217677,0.049901944
0.0119793840412144,0.006528788
0.056759753099867,0.0498023
0.0111514670344462,0.0059675775
0.0705538366111719,0.06061786
0.0443600599430938,0.047894858
-0.0287116561419594,-0.029445471
0.0479316330969427,0.03877672
-0.0452776288589774,-0.036090653
0.0172064856579366,0.012998977
0.0285821023857012,0.02553607
0.0124723381958502,0.00449935
0.0328209479934111,0.029669821
0.0359994144230457,0.033899713
0.0795921332789231,0.07299433
0.0478320528436877,0.03933875
-0.0310386026705164,-0.035196826
-5.98091727674824e-05,0.0041755373
0.061330437511356,0.058122423
-0.0315971314974059,-0.016718462
0.0261729091573186,0.020129679
0.0496526313364334,0.03507473
-0.0356834485744968,-0.010003899
0.0015391681445181,0.0002913838
-0.0231994690618779,-0.019169508
0.0017281824526489,0.008270033
0.0490309179884492,0.040413983
-0.0242734811443135,0.00066288677
-0.0209792722854642,-0.013926851
0.0117761593704528,0.010823424
-0.0352957140133175,-0.020162191
-0.0352238241839569,-0.08370386
0.0077787731164351,0.007516134
0.0509551466298886,0.043436244
-0.0061446760025577,-0.0056919893
-0.0152029866121992,-0.009701571
0.027670364995787,0.022292921
0.0270989328858937,0.008896473
-0.0100249235935348,0.0018772025
-0.0166288142083837,-0.03192573
0.0645079293100675,0.045738686
0.0924869102989052,0.08437664
0.0301700209339055,0.020874329
0.0167223056148041,0.01348522
-0.022012128324552,-0.022520997
-0.0353962457672026,-0.0259952
0.047113229119438,0.03866483
0.0179855363774287,0.027126927
-0.0149589138915148,-0.0051879957
-0.0176220903078751,-0.015373378
0.0208785916922677,0.01802304
-0.0064660111699747,-0.0043946756
-0.0140252184235224,-0.0469508
0.012137313979996,0.010560518
0.0819512538311158,0.060510214
0.0546701925338056,0.04554676
-0.0384963134698051,-0.018988805
0.0306325734901246,0.026243519
0.0411339051796272,0.03287722
-0.01843478940446,-0.007743876
-0.0123177380901739,-0.0031676707
0.0474303360067564,0.041008756
0.0554721767741439,0.045325596
-0.0486033290720904,-0.043198816
0.0714427452492751,0.07373458
0.0258526183938817,0.019923627
0.0052303974206282,0.001250739
0.0152814694737222,0.014749312
-0.0449911403947955,-0.07922594
0.0122009197526941,0.006961713
-0.0404742028266097,-0.026620774
0.0017063101622948,0.0024792345
-0.0154300895233827,0.0019234024
0.005443512808387,0.005702184
-0.0171349351273014,-0.011997809
0.0611913707527539,0.05110892
0.025671921126905,0.01835434
0.0252378164271074,0.02565072
-0.0468249789906594,-0.06250403
0.0495506431388353,0.04215387
0.0279670045470614,0.017441485
-0.0119461933028308,-0.0148012815
0.0527404280033295,0.047239363
0.0411260994478007,0.022120897
0.049313001969758,0.041415647
-0.0046678570040833,0.0021987143
0.0575053618377482,0.041753415
0.0173794486858217,0.0046400917
0.0424933613004375,0.029501515
-0.0219738689683933,-0.010320033
0.0163802786400794,0.013559207
0.0127346151695054,0.010093991
0.0732142429268054,0.06464593
0.0258623955523238,0.021980586
0.0709084092707035,0.059406053
0.0223472364754446,0.018935522
0.0304223424885212,0.024094364
0.0036830660539936,0.0042163986
-0.033355128364554,-0.020514818
-0.0510007979856779,-0.031703167
-0.0206028503100035,-0.0084405625
-0.0233034710115959,-0.0068230694
-0.0641559026794624,-0.06712379
0.0473190805719797,0.045078173
0.06282096408229,0.048799243
0.0275027381583033,0.019269371
0.0473030224974823,0.03125389
0.0307424275993061,0.026132949
0.0510934115995004,0.050220467
-0.0514940226228449,-0.030048091
0.0245601910323161,0.015981553
0.029403255235075,0.032977305
0.0573915057886566,0.051762927
0.0164711564100841,0.013341384
0.0739013545597919,0.067485124
0.0320159181382621,0.028141804
-0.0300437778811065,-0.016046342
0.0602670017637434,0.052022297
0.0624610125920589,0.054758355
0.0583062880906708,0.05136956
-0.0084798693663808,0.0066990224
-0.0371428249618568,-0.017028995
0.0356990408974215,0.027471272
0.0692314603940728,0.06758006
-0.0418423090850428,-0.06541281
0.0136990867334907,0.0034099133
0.0430621662229038,0.037310433
0.050933642472185,0.029522892
-0.0316887983093549,-0.03752877
-0.0251696992483722,-0.027046785
0.0398360070800863,0.03104183
-0.0373183951967157,-0.022764107
0.0121036224921428,0.013115213
0.0449275202625346,0.041091453
0.0301159071885905,0.0244016
-0.0118135526696475,0.011946162
-0.002879841070287,0.0019225806
0.0383064578025283,0.02706097
0.0319734377870263,0.023633284
-0.0247022865843575,-0.03702751
0.0313555317553378,0.022816172
0.0144524862452332,0.0016972374
0.021283317410853,0.023628943
-0.0419775350435813,-0.08005404
0.0193710442341217,0.014664076
-0.0271762261129855,-0.03954277
0.0082257156185011,-0.0010054989
-0.0228682231578221,-0.036561217
0.055202535828713,0.050338596
0.0031383467909499,-0.0015620223
0.0599125726924435,0.04763849
0.0488069473397696,0.04750432
0.0014912727292821,-0.0018837947
-0.0319417338716721,-0.026509484
0.0413086783401884,0.036055125
0.0486527928550811,0.03509665
0.0796162361405401,0.08834035
0.035358902165235,0.024947168
0.0057133730698562,0.011012531
-0.0219999595524436,-0.0066728974
0.0149294868787723,0.008387107
-0.0152320067442745,-0.02866574
0.0405432424614149,0.035835575
0.0343621334552,0.019973861
0.0151114817279691,0.015621114
0.0437360010254285,0.036188025
-0.0244152520574966,-0.029435206
-0.0089072776701394,-0.0039670323
0.0126186984106698,0.0036567242
0.0714262959888935,0.06682039
-0.0369731479409553,-0.033653725
0.0693287286365341,0.054743294
0.0367841745986393,0.03718225
0.054602201561046,0.048210435
0.0429268649804055,0.032008752
-0.0047542221905282,-0.00818864
-0.0525112378964979,-0.029511914
-0.0297317792750318,-0.04444444
-0.0016424961148652,0.012527389
0.0442476874132367,0.045069933
0.0427692146436536,0.024891084
0.0414866548337631,0.033996377
-0.0021921989366183,-0.02492799
0.0162769514778198,0.0031155876
0.0339358348499632,0.028175864
0.0647867828267908,0.05542567
-0.0435792400951051,-0.05679019
0.0219422114574542,0.0077286065
0.0466257582989634,0.034734305
-0.0027168087158826,0.0076381904
-0.0277778918186765,-0.042920083
0.0494895285432206,0.04096838
0.0274637388033604,0.022608794
0.0680970680591673,0.058466766
-0.0043707719947116,0.0039173295
0.031012265368417,0.024938079
0.0456123951091451,0.039310675
-0.0291356077902111,-0.015587109
-0.0237799043440983,-0.028142065
-0.0057152161494303,-0.0049390825
-0.055436739823207,-0.06889215
0.0491185579434868,0.04204391
0.0624905100491812,0.05431948
-0.0234378228308077,-0.01542494
0.0295966490297325,0.029168537
-0.046713560792,-0.036578063
0.0311257270511526,0.016709814
0.0337582342493534,0.028355394
-0.0131925640562714,-0.023077497
0.0252304641646417,0.019171564
0.01659635859328,0.013926272
0.0149059507304396,0.011855972
0.0529794703397348,0.032509074
0.0325108700899743,0.02297675
0.0410765561869612,0.018995844
0.0804074034664015,0.049459644
-0.0267368305689028,-0.060921166
-0.0146195913526554,-0.013480845
0.0137875963974997,0.016329253
0.0308966553308659,0.013208429
0.0109516866286123,0.008240086
-0.0108988470426149,-0.012058596
-0.0234276455114663,-0.011487769
0.0046889492918596,0.0056321304
-0.0375597309796214,-0.016292462
0.0025453777471323,0.007188303
0.0312789708757406,0.016417053
0.0747558669491065,0.06846999
0.0248916655673823,0.015489258
0.0569231933451447,0.050268188
-0.0281343238465734,-0.027378453
0.0805849562053311,0.08118842
0.0719686797821153,0.06681904
0.0422346722079766,0.035014518
-0.0310600402815307,-0.016895706
0.0302759818269617,0.00999695
0.0037170724722352,0.010290726
0.0318844379633795,0.023011422
-0.0193222735218727,-0.012692047
0.0227940483648955,0.016913246
-0.0395820533777999,-0.072167926
0.0533141957232802,0.049998105
0.0779854946254388,0.075460725
0.0614698077074838,0.05616837
-0.0207266050658345,-0.007641258
0.0620667810132063,0.05604803
0.0520813400898262,0.040613983
-0.0229325757848144,-0.008181896
-0.0098021373375511,-0.0018555205
-0.0086849239026832,-0.00752246
0.0181320269239006,0.010932633
-0.030269421361223,-0.02673981
0.0801010102997016,0.07267697
-0.0212204436546009,-0.050614294
0.0715464429065974,0.07141722
0.0095539428764012,-0.0075234347
0.0120054887856363,0.008343242
0.0015361261464766,0.007912969
0.0508960606517977,0.040405992
0.0319793435822788,0.023537427
0.0558671054278855,0.04897993
-0.0366121365466486,-0.019707533
0.0499555994320112,0.046273462
0.0015121323310083,0.0017511845
-0.0194339239107899,-0.01168825
0.0594503526024598,0.048194487
0.0114991196139726,0.0059623015
0.0564080603793999,0.048793655
-0.0078936772816196,-0.00081220426
0.0384633231913577,0.039411813
0.0391528024095349,0.031226255
-0.0449467874231926,-0.066526346
-0.0277041293118656,-0.033841673
0.0655669708660269,0.058807608
-0.0051037815832804,-0.011926769
0.046805248105588,0.023165211
0.0513735846614722,0.044323515
0.0485635812876761,0.039213322
0.036367800071171,0.030367818
0.0230223416164215,0.014669211
-0.0387486543518405,-0.054754093
0.0123131362535801,0.016901447
0.0318455963454895,-0.0030156453
0.0440649371750104,0.03336336
0.0820138744945324,0.08097807
0.0629476462080371,0.058139037
0.0507135506078392,0.042187292
0.0026089876578159,0.008604148
-0.0127549545981524,-0.01052392
0.0287195058742023,0.019841814
0.0507925533185585,0.035264343
0.0550789834849711,0.03596411
0.0142086576514838,0.023426007
0.0574784705511215,0.030673184
0.0291364004882671,0.026333775
0.0274329025128749,0.023111768
0.0029386104296035,0.006770725
0.0464999268542917,0.044304848
0.0733445762191941,0.06957567
0.0176398609454058,0.01736985
-0.0155994725952697,-0.0049114884
0.0608183160481578,0.048629895
0.0603255927080791,0.036390994
0.0830759652130161,0.082083
-0.0156370704599064,-0.003979098
0.0028200590750168,0.009484937
0.0845269116341952,0.08716096
0.0412487241023402,0.049693283
0.0692320469907328,0.061873402
0.0677618214917584,0.061989687
-0.0153709650468538,0.011183139
0.0286088552556992,0.03662784
0.0496993007849926,0.040160235
0.001458969832336,-0.002908086
-0.0076033179662521,-0.0047491086
0.0256381469453994,0.021729298
-0.0372124090968128,-0.03175634
-0.03069468985758,-0.0246383
-0.0088865172840793,-0.020414239
0.100622481485448,0.096001565
0.0305174808504419,0.029363764
0.001580028702568,0.0041274447
0.0734452221850182,0.07538008
-0.039160915815824,-0.022196481
-0.0146974385771568,0.00032958708
-0.0274739181715595,-0.017420357
-0.0486167008032998,-0.026445864
0.0264158119346793,0.017105877
0.0572741314493324,0.049362723
-0.0489636531677604,-0.029719122
0.0487586074417082,0.029813386
0.008211322851695,-0.009889018
0.0113117097458705,0.0066331117
0.0370992105319932,0.029650904
0.0033256543517283,0.00283008
0.0182941994387786,0.015702223
0.0685064216978102,0.054757416
0.0681989968401328,0.049788527
-0.0241794279340484,-0.025497872
-0.02914507182264,-0.017966181
0.0247329005412446,0.011531428
-0.0045383693032486,-0.0049224715
0.0230938836314604,0.014572504
0.0355015976309529,0.034041714
0.0377888090789165,0.03381899
0.0099509179259237,0.0080866385
0.0106828780472761,0.016653854
0.03885268875174,0.019560352
0.0494167256002027,0.026596285
-0.0456330787198054,-0.020684956
0.0531121161931148,0.04240443
0.037586548231665,0.029121703
0.0376603237238917,0.0327624
0.0484257591458062,0.029685328
-0.0259582802268609,-0.03027959
0.0057229313463621,-0.0021552357
-0.0090760338494173,-0.00996178
0.044465395365419,0.039986033
0.0318932655920731,0.0150786275
-0.0112946245293329,0.0026285679
0.0209599211144629,0.011216962
0.0055327747571231,-0.009629852
-0.0008772490889151,0.005774884
0.0221096465618764,0.01394918
0.0587500169732202,0.06524202
0.0767775314742021,0.07276282
0.0279881888189776,0.025391564
0.0057350851501635,0.00033996959
0.0656551736468822,0.06115069
-0.0183057777413681,-0.028187823
-0.0520844960857753,-0.04461786
-0.0233675904443992,-0.028941795
0.0188116066157974,0.016439302
-0.0392835905093849,-0.035852306
-0.0054758989192508,0.008829078
0.0347268409512752,0.028151415
-0.0221032099278924,-0.015334874
-0.0570259135732179,-0.06024037
0.0366684927259037,0.03565321
0.0441919084186088,0.02588463
0.0212953224658178,0.014233043
-0.039826181623729,-0.065077305
0.0452904535461472,0.047928885
0.0545243980155415,0.043744735
0.0957117958562255,0.10725792
-4.29520845828148e-05,-0.007975685
0.0329082645195531,0.019455565
0.0256812066850594,0.024914276
0.0651686605314478,0.05904917
0.0454008253147962,0.044962842
-0.016346724741032,-0.02729707
0.0574305199064419,0.05394552
-0.0022846928552298,-0.0019488214
0.0497965624029059,0.042292945
-0.0440585649221069,-0.046362963
0.0822642318544009,0.091114834
-0.0128423658088287,-0.038640704
0.0658836398078613,0.06095802
0.0189196599269348,0.0076986435
0.0297445619193429,0.026088132
0.0712195742111442,0.07102621
0.0190351561177588,0.018004417
-0.0329325218113748,-0.020754028
0.0353459121089902,0.01989554
0.0315333076118588,0.027989762
0.0601390893825312,0.051549144
0.0204614531669954,0.013307698
0.0379746213558424,0.014404615
0.06735637140021,0.053713713
-0.0416975325001688,-0.02678335
0.0031304551994683,0.0057602623
0.025141246128852,0.006529638
0.0583292645708386,0.0516772
0.0067360390675011,0.00849796
-0.0253928402163187,-0.049858116
-0.0122255549900586,-0.031264763
0.0461326369969676,0.04383318
0.0249075302029524,0.022614518
0.0834030254088579,0.07992484
0.0208312083174992,0.012794036
0.0326743420399454,0.024647743
0.0167151805766187,0.015903674
0.0688271897029904,0.06427603
-0.0110446095229116,-0.0038413883
0.0760824656105242,0.07044215
0.0319895941855792,0.030401029
0.0215151531546557,0.018751606
0.0513207709865995,0.03580504
-0.0288266798711315,-0.0018545685
0.0051666418526114,0.0020522543
0.0332857860137952,0.025826564
0.0475623304917372,0.03983737
-0.0194906853958775,-0.018032862
0.0182589574794701,0.014003767
0.107380067802589,0.08575116
0.0715502024963535,0.048178993
0.0038277260609351,0.014092835
0.04874467727962,0.035666507
0.043229305754242,0.031090796
0.0425971646479294,0.03273029
0.0128046426620102,0.014193996
0.0208941539106566,0.014948597
0.0604081135411341,0.04105874
0.0762185490263781,0.07561259
0.0099976139197388,0.011238129
0.0199330945597977,0.012654258
0.0335632509986305,0.01739456
0.0876494734971508,0.09026513
0.034644568973346,0.022040477
0.0637401499889349,0.06320942
-0.056802036943599,-0.03820774
0.017568827647477,0.010263047
0.0133052127712537,0.0020382106
0.0339500671511151,0.026394088
0.0003536748332557,0.0060092094
0.0445895840700947,0.03725629
0.02415946655664,0.0152750565
0.0750014487299849,0.07490195
0.0532538768793392,0.03851298
-0.0430157888507154,-0.033745144
0.0094451399351061,0.009289625
-0.0301561120338002,-0.015871529
0.0291006472143803,0.01644744
-0.0385500803471238,-0.028747434
-0.0451642474206764,-0.04744919
0.0820471567020819,0.080197945
-0.0407684999256026,-0.029393055
0.0433674904287255,0.04040495
0.0057393384411386,0.0036451856
-0.0146621545885705,0.0022133698
0.0397175619234357,0.03097168
0.00800126632345,0.012132617
0.0115412537224266,0.012722316
-0.0299530072674713,-0.013729475
0.0640987078392241,0.05882995
0.0425368912196257,0.036020942
0.0134711649179612,0.008624811
-0.0145857628305326,-0.010546652
0.0208320743508791,0.014608321
0.0079072170541569,0.007745008
0.0254752043560678,0.021515401
0.0771991960729041,0.065603405
0.0010338243588565,-1.1097107e-05
-0.0500084826422398,-0.03061034
0.0257781947044965,0.022521552
-0.0194702504809228,-0.014562517
0.0461724646198618,0.040620796
0.0352305743493621,0.021017496
-0.0121235705247593,-0.019531643
0.020456923960655,0.012522641
-0.0163033224304629,-0.03259061
0.0901263218131018,0.0792309
0.071769782992377,0.06856063
0.0019939721435229,0.001352212
-0.0095881060986914,-0.0042365184
0.0344698172637645,0.02570347
0.0443236306528311,0.033950526
0.0374750971581296,0.033900384
0.0478750101186144,0.036180474
0.0417320279807206,0.0398575
0.0534639814109641,0.047007427
-0.0055171008500411,-0.010674653
-0.0286940755627048,-0.013018966
0.0113577320843577,0.008237162
0.0293330953123898,0.019318858
0.0016483173002808,0.0036775798
0.0149263676992176,0.011792555
0.0611416507515521,0.06462487
-0.0208792337105808,-0.014893573
0.0368057335434621,0.027512087
0.0492833855964445,0.057889257
-0.0129185991899005,-0.033480197
0.0558820407220073,0.039276794
-0.0533806165504404,-0.043331254
0.0813774237146967,0.08832604
0.0415880121139169,0.040447555
0.0409416446599171,0.030793943
-0.0365627797897494,-0.033934474
0.0602375501305398,0.0483546
0.0530495692075834,0.046585653
0.0274328904823794,0.022478491
-0.0680621706354832,-0.042282704
0.0686824946671101,0.060706165
0.0498613196391902,0.037781704
0.0523859141099331,0.038127184
-0.024100483660653,-0.018029166
-0.0084043905211514,-0.0012354384
-0.006594325623721,-0.0007982967
-0.0524447203647067,-0.026210988
0.0123459100447917,0.012651402
0.0346968700394895,0.029928636
0.0770165335107034,0.079103835
-0.0011407626769713,-0.00046675952
0.067459951075414,0.059324864
-0.0416103734599848,-0.03628279
-0.0168712662518374,-0.01716313
0.0242365269933175,0.023592332
-0.0356545813357462,-0.0534437
-0.031494113549291,-0.036150724
0.0004057603161387,0.0026950622
-0.0346016054126912,-0.019851606
0.0653882483397716,0.0510669
0.035134594914888,0.034022946
0.059555379183365,0.04649851
-0.0416527745349485,-0.07328362
-0.0190080102375475,-0.027488738
0.000962056847929,0.0019860545
-0.0281750476328812,-0.020486787
-0.0301059846073723,-0.014925197
0.0435282565189603,0.030991426
-0.0372853772360155,-0.018182462
0.0454872284845312,0.03758165
-0.0037692920349933,-0.0027325072
0.0747001430643723,0.07292675
0.0597748545717718,0.05842689
0.0252335864917007,0.003526518
3.96698500104623e-05,0.0058142208
-0.0069658281486113,0.013054585
0.0177012302956748,0.0084746
0.0709813165401472,0.06046899
0.0464878057894063,0.032540277
-0.0441005278435516,-0.022590762
-0.0143334250865298,-0.021922428
0.0349950317612574,0.027947359
0.0530349247753428,0.051682644
-0.0409561229995265,-0.021489797
0.0486325285512939,0.024146028
0.0248351675111115,0.021545768
0.056414348665313,0.047429923
0.0045270475822921,0.005186975
-0.0365333250631983,-0.04498521
-0.0414916948220082,-0.026880534
0.0224689256543333,0.017005555
0.0635617286247361,0.061456405
0.0350187345023207,0.020550193
0.0691794075097231,0.063677214
0.0370563070944185,0.030713672
